id;permalink;username;text;date;retweet;favorite;mentions;hashtag;geo
0;https://twitter.com/voguemagazine/status/1219538027141267456;voguemagazine;Committed to living a healthy lifestyle? Then you may want to spend more time in Europe—or adopt their habits, anyway. ;2020-01-21 08:31:38+00:00;17;79;;;
1;https://twitter.com/voguemagazine/status/1218681797451616258;voguemagazine;Committed to living a healthy lifestyle? Then you may want to spend more time in Europe—or adopt their habits, anyway. http://vogue.cm/bQ7uHVp;2020-01-18 23:49:17+00:00;22;100;;;
2;https://twitter.com/voguemagazine/status/1212396174612815872;voguemagazine;In the 1970s, @normakamali was the first to purvey the art of athleisure, creating all things après gym. Now, the 74-year-old designer is bottling her healthy lifestyle for skin with NormaLife: The Skinline. ;2020-01-01 15:32:27+00:00;6;47;@normakamali;;
3;https://twitter.com/voguemagazine/status/1212365058375897089;voguemagazine;Committed to living a healthy lifestyle? Then you may want to spend more time in Europe—or adopt their habits, anyway. http://vogue.cm/L9XZB9d;2020-01-01 13:28:49+00:00;20;61;;;
4;https://twitter.com/voguemagazine/status/1211332663627407360;voguemagazine;In the 1970s, @normakamali was the first to purvey the art of athleisure, creating all things après gym. Now, the 74-year-old designer is bottling her healthy lifestyle for skin with NormaLife: The Skinline. http://vogue.cm/RoahwLU;2019-12-29 17:06:27+00:00;10;63;@normakamali;;
5;https://twitter.com/voguemagazine/status/1211100573740781568;voguemagazine;Committed to living a healthy lifestyle? Then you may want to spend more time in Europe—or adopt their habits, anyway. http://vogue.cm/FgSGIT4;2019-12-29 01:44:12+00:00;20;86;;;
6;https://twitter.com/voguemagazine/status/1211036972195729408;voguemagazine;Committed to living a healthy lifestyle? Then you may want to spend more time in Europe—or adopt their habits, anyway. http://vogue.cm/Ip8I2F4;2019-12-28 21:31:28+00:00;15;75;;;
7;https://twitter.com/voguemagazine/status/1198317569679220736;voguemagazine;Experts discuss the must-know information and tips for a lifestyle that promotes tip-top hormonal balance. ;2019-11-23 19:09:06+00:00;11;81;;;
8;https://twitter.com/voguemagazine/status/1197929538803634187;voguemagazine;Experts discuss the must-know information and tips for a lifestyle that promotes tip-top hormonal balance. http://vogue.cm/3rgBIPv;2019-11-22 17:27:13+00:00;13;48;;;
9;https://twitter.com/voguemagazine/status/1197560964075466752;voguemagazine;Experts discuss the must-know information and tips for a lifestyle that promotes tip-top hormonal balance. http://vogue.cm/hePRaLH;2019-11-21 17:02:38+00:00;12;47;;;
10;https://twitter.com/voguemagazine/status/1197214251464744960;voguemagazine;Experts discuss the must-know information and tips for a lifestyle that promotes tip-top hormonal balance. http://vogue.cm/dRsna9n;2019-11-20 18:04:55+00:00;14;57;;;
11;https://twitter.com/voguemagazine/status/1196907918991511553;voguemagazine;Experts discuss the must-know information and tips for a lifestyle that promotes tip-top hormonal balance. http://vogue.cm/1TTdwwG;2019-11-19 21:47:40+00:00;7;44;;;
12;https://twitter.com/voguemagazine/status/1196518546924281862;voguemagazine;Experts discuss the must-know information and tips for a lifestyle that promotes tip-top hormonal balance. http://vogue.cm/4ObgktC;2019-11-18 20:00:26+00:00;12;64;;;
13;https://twitter.com/voguemagazine/status/1196238270251880448;voguemagazine;Experts discuss the must-know information and tips for a lifestyle that promotes tip-top hormonal balance. http://vogue.cm/NKtdVh3;2019-11-18 01:26:43+00:00;13;81;;;
14;https://twitter.com/voguemagazine/status/1191134905322950657;voguemagazine;Experts discuss the must-know information and tips for a lifestyle that promotes tip-top hormonal balance. http://vogue.cm/ZLUZ5pj;2019-11-03 23:27:46+00:00;11;75;;;
15;https://twitter.com/voguemagazine/status/1189761903331020801;voguemagazine;Experts discuss the must-know information and tips for a lifestyle that promotes tip-top hormonal balance. http://vogue.cm/oBFAzal;2019-10-31 04:31:57+00:00;15;71;;;
16;https://twitter.com/voguemagazine/status/1189167763539013632;voguemagazine;Experts discuss the must-know information and tips for a lifestyle that promotes tip-top hormonal balance. http://vogue.cm/RA0m4iQ;2019-10-29 13:11:03+00:00;12;76;;;
17;https://twitter.com/voguemagazine/status/1189162423627980802;voguemagazine;Experts discuss the must-know information and tips for a lifestyle that promotes tip-top hormonal balance. http://vogue.cm/x9oTaTN;2019-10-29 12:49:50+00:00;8;55;;;
18;https://twitter.com/voguemagazine/status/1188533020170620928;voguemagazine;Experts discuss the must-know information and tips for a lifestyle that promotes tip-top hormonal balance. http://vogue.cm/7n9hWz6;2019-10-27 19:08:48+00:00;11;84;;;
19;https://twitter.com/voguemagazine/status/1187269518940344320;voguemagazine;Experts discuss the must-know information and tips for a lifestyle that promotes tip-top hormonal balance. http://vogue.cm/fwzE9py;2019-10-24 07:28:06+00:00;6;48;;;
20;https://twitter.com/voguemagazine/status/1148355855676579841;voguemagazine;In the 1970s, @normakamali was the first to purvey the art of athleisure, creating all things après gym. Now, the 74-year-old designer is bottling her healthy lifestyle for skin with NormaLife: The Skinline. ;2019-07-08 22:19:06+00:00;0;32;@normakamali;;
21;https://twitter.com/voguemagazine/status/1143623659464118272;voguemagazine;.@thehelmco, a VC firm that has invested nearly $1.5 million in 11 female-founded companies in the U.S., is launching an e-commerce platform exclusively featuring female-led labels from a range of brands in the beauty, fashion, and lifestyle spaces. ;2019-06-25 20:55:02+00:00;14;65;@thehelmco;;
22;https://twitter.com/voguemagazine/status/1116701099686334466;voguemagazine;Committed to living a healthy lifestyle? Then you may want to spend more time in Europe—or adopt their habits, anyway. ;2019-04-12 13:54:24+00:00;11;55;;;
23;https://twitter.com/voguemagazine/status/1114441550673666048;voguemagazine;Committed to living a healthy lifestyle? Then you may want to spend more time in Europe—or adopt their habits, anyway. http://vogue.cm/nZ7SWOW;2019-04-06 08:15:45+00:00;7;44;;;
24;https://twitter.com/voguemagazine/status/1113812675115536390;voguemagazine;".@pooshdotcom will be ""curating a lifestyle that's very much the lifestyle that I lead,"" says @kourtneykardash.";2019-04-04 14:36:50+00:00;10;94;@pooshdotcom @kourtneykardash;;
25;https://twitter.com/voguemagazine/status/1113517160398303233;voguemagazine;".@pooshdotcom will be ""curating a lifestyle that's very much the lifestyle that I lead,"" says @kourtneykardash. http://vogue.cm/YVneH8t";2019-04-03 19:02:33+00:00;8;52;@pooshdotcom @kourtneykardash;;
26;https://twitter.com/voguemagazine/status/1113148595543392257;voguemagazine;".@pooshdotcom will be ""curating a lifestyle that's very much the lifestyle that I lead,"" says @kourtneykardash. http://vogue.cm/jCwsFBK";2019-04-02 18:38:01+00:00;9;58;@pooshdotcom @kourtneykardash;;
27;https://twitter.com/voguemagazine/status/1109672825848299521;voguemagazine;Committed to living a healthy lifestyle? Then you may want to spend more time in Europe—or adopt their habits, anyway. http://vogue.cm/HdfPbop;2019-03-24 04:26:33+00:00;9;43;;;
28;https://twitter.com/voguemagazine/status/1108001886114844673;voguemagazine;Committed to living a healthy lifestyle? Then you may want to spend more time in Europe—or adopt their habits, anyway. http://vogue.cm/PGcunk3;2019-03-19 13:46:49+00:00;8;47;;;
29;https://twitter.com/voguemagazine/status/1107775105080406016;voguemagazine;Luxury boutique The Webster is venturing into the lifestyle business, offering a curated selection of tableware, furniture, and even croissant lamps. ;2019-03-18 22:45:41+00:00;3;38;;;
30;https://twitter.com/voguemagazine/status/1106140143700897793;voguemagazine;Committed to living a healthy lifestyle? Then you may want to spend more time in Europe—or adopt their habits, anyway. http://vogue.cm/DMoKahd;2019-03-14 10:28:56+00:00;6;33;;;
31;https://twitter.com/voguemagazine/status/1105796664944664576;voguemagazine;Committed to living a healthy lifestyle? Then you may want to spend more time in Europe—or adopt their habits, anyway. http://vogue.cm/HlVRVD2;2019-03-13 11:44:04+00:00;16;57;;;
32;https://twitter.com/voguemagazine/status/1105393848329605120;voguemagazine;Committed to living a healthy lifestyle? Then you may want to spend more time in Europe—or adopt their habits, anyway. http://vogue.cm/tw6KBCn;2019-03-12 09:03:25+00:00;6;53;;;
33;https://twitter.com/voguemagazine/status/1105315768680378368;voguemagazine;Committed to living a healthy lifestyle? Then you may want to spend more time in Europe—or adopt their habits, anyway. http://vogue.cm/l2KEAbP;2019-03-12 03:53:09+00:00;13;42;;;
34;https://twitter.com/voguemagazine/status/1103557602988953603;voguemagazine;Committed to living a healthy lifestyle? Then you may want to spend more time in Europe—or adopt their habits, anyway. http://vogue.cm/NlnCw6p;2019-03-07 07:26:50+00:00;10;46;;;
35;https://twitter.com/voguemagazine/status/1101871063800127488;voguemagazine;Committed to living a healthy lifestyle? Then you may want to spend more time in Europe—or adopt their habits, anyway. http://vogue.cm/sjaEOIB;2019-03-02 15:45:08+00:00;12;64;;;
36;https://twitter.com/voguemagazine/status/1101827761986043905;voguemagazine;Committed to living a healthy lifestyle? Then you may want to spend more time in Europe—or adopt their habits, anyway. http://vogue.cm/oCytBg4;2019-03-02 12:53:04+00:00;19;77;;;
37;https://twitter.com/voguemagazine/status/1100980848571174912;voguemagazine;Committed to living a healthy lifestyle? Then you may want to spend more time in Europe—or adopt their habits, anyway. http://vogue.cm/6yWtAdL;2019-02-28 04:47:44+00:00;8;59;;;
38;https://twitter.com/voguemagazine/status/1100884702842535941;voguemagazine;Committed to living a healthy lifestyle? Then you may want to spend more time in Europe—or adopt their habits, anyway. http://vogue.cm/8nzwvIJ;2019-02-27 22:25:41+00:00;6;47;;;
39;https://twitter.com/voguemagazine/status/1098189358597836800;voguemagazine;13 totally ridiculous steps to a Juul-free lifestyle that are so crazy, they might actually work. ;2019-02-20 11:55:21+00:00;3;32;;;
40;https://twitter.com/voguemagazine/status/1097478079784648704;voguemagazine;13 totally ridiculous steps to a Juul-free lifestyle that are so crazy, they might actually work. ;2019-02-18 12:48:59+00:00;8;28;;;
41;https://twitter.com/voguemagazine/status/1096260443365093376;voguemagazine;13 totally ridiculous steps to a Juul-free lifestyle that are so crazy, they might actually work. http://vogue.cm/dsFFvgj;2019-02-15 04:10:31+00:00;11;49;;;
42;https://twitter.com/voguemagazine/status/1095319547165454337;voguemagazine;13 totally ridiculous steps to a Juul-free lifestyle that are so crazy, they might actually work. http://vogue.cm/AY8N3GJ;2019-02-12 13:51:44+00:00;11;44;;;
43;https://twitter.com/voguemagazine/status/1093972953253990400;voguemagazine;13 totally ridiculous steps to a Juul-free lifestyle that are so crazy, they might actually work. http://vogue.cm/uTza4T8;2019-02-08 20:40:51+00:00;7;32;;;
44;https://twitter.com/voguemagazine/status/1092163248055566337;voguemagazine;While the classic Sunday brunch menu reads more “cheat day” than “clean eating,” the lifestyle guru insists it doesn’t have to. ;2019-02-03 20:49:44+00:00;9;56;;;
45;https://twitter.com/voguemagazine/status/1088026116219199488;voguemagazine;The best lifestyle may not have to do exclusively with what you eat, but when you eat. ;2019-01-23 10:50:15+00:00;5;48;;;
46;https://twitter.com/voguemagazine/status/1087328248709681152;voguemagazine;The best lifestyle may not have to do exclusively with what you eat, but when you eat. http://vogue.cm/sZf4lxh;2019-01-21 12:37:10+00:00;14;71;;;
47;https://twitter.com/voguemagazine/status/1087303933679284225;voguemagazine;The best lifestyle may not have to do exclusively with what you eat, but when you eat. http://vogue.cm/b9olMuV;2019-01-21 11:00:33+00:00;7;37;;;
48;https://twitter.com/voguemagazine/status/1086559024936566784;voguemagazine;The best lifestyle may not have to do exclusively with what you eat, but when you eat. http://vogue.cm/MnWvTcu;2019-01-19 09:40:33+00:00;7;65;;;
49;https://twitter.com/voguemagazine/status/1085914433585594368;voguemagazine;The best lifestyle may not have to do exclusively with what you eat, but when you eat. http://vogue.cm/xrWdTay;2019-01-17 14:59:10+00:00;5;52;;;
50;https://twitter.com/voguemagazine/status/1084726888050946048;voguemagazine;With a jet-setting lifestyle, Bella Hadid has had to master the art of on-the-go style. ;2019-01-14 08:20:18+00:00;4;39;;;
51;https://twitter.com/voguemagazine/status/1064950038210719744;voguemagazine;13 totally ridiculous steps to a Juul-free lifestyle that are so crazy, they might actually work. http://vogue.cm/8skerYx;2018-11-20 18:34:09+00:00;13;43;;;
52;https://twitter.com/voguemagazine/status/1064553066987429888;voguemagazine;13 totally ridiculous steps to a Juul-free lifestyle that are so crazy, they might actually work. http://vogue.cm/strYJNt;2018-11-19 16:16:44+00:00;8;24;;;
53;https://twitter.com/voguemagazine/status/1063556781195046914;voguemagazine;13 totally ridiculous steps to a Juul-free lifestyle that are so crazy, they might actually work. http://vogue.cm/Upc3Y7U;2018-11-16 22:17:51+00:00;2;28;;;
54;https://twitter.com/voguemagazine/status/1063323561941708800;voguemagazine;13 totally ridiculous steps to a Juul-free lifestyle that are so crazy, they might actually work. http://vogue.cm/NAdyiEW;2018-11-16 06:51:07+00:00;8;49;;;
55;https://twitter.com/voguemagazine/status/1062852648167264256;voguemagazine;13 totally ridiculous steps to a Juul-free lifestyle that are so crazy, they might actually work. http://vogue.cm/JdPvQ4k;2018-11-14 23:39:52+00:00;5;31;;;
56;https://twitter.com/voguemagazine/status/1062430979770511361;voguemagazine;13 totally ridiculous steps to a Juul-free lifestyle that are so crazy, they might actually work. http://vogue.cm/Hqz5Slq;2018-11-13 19:44:19+00:00;8;25;;;
57;https://twitter.com/voguemagazine/status/1039671691989925890;voguemagazine;Amira Rasool's lifestyle brand is providing Africa’s emerging talent with the platform it deserves. ;2018-09-12 00:27:02+00:00;20;87;;;
58;https://twitter.com/voguemagazine/status/1020421642412011520;voguemagazine;69’s anonymous designer gives an exclusive interview on the lifestyle-cum-denim brand’s new MOCA exhibit. ;2018-07-20 21:34:12+00:00;10;37;;;
59;https://twitter.com/voguemagazine/status/969079577162153986;voguemagazine;If Ivanka thinks that it's inappropriate for reporters to ask her questions about her employer because he happens to be her father, she could resign from her White House position and resume her lifestyle-branding: ;2018-03-01 05:19:10+00:00;48;257;;;
60;https://twitter.com/voguemagazine/status/968779935669252097;voguemagazine;If Ivanka thinks that it's inappropriate for reporters to ask her questions about her employer because he happens to be her father, she could resign from her White House position and resume her lifestyle-branding: ;2018-02-28 09:28:30+00:00;50;211;;;
61;https://twitter.com/voguemagazine/status/968165742188335107;voguemagazine;If Ivanka thinks that it's inappropriate for reporters to ask her questions about her employer because he happens to be her father, she could resign from her White House position and resume her lifestyle-branding: http://vogue.cm/54gJr8C;2018-02-26 16:47:55+00:00;117;536;;;
62;https://twitter.com/voguemagazine/status/914033573635805189;voguemagazine;How will cannabis affect your active lifestyle? http://vogue.cm/bKF4a9J;2017-09-30 07:46:00+00:00;11;49;;;
63;https://twitter.com/voguemagazine/status/913596756402802688;voguemagazine;How will cannabis affect your active lifestyle? ;2017-09-29 02:50:15+00:00;8;42;;;
64;https://twitter.com/voguemagazine/status/908447763054104576;voguemagazine;.@AlexanderWangNY’s Fall 2017 campaign stars the Wang Gang on an array of party lifestyle objects. http://vogue.cm/YmdxrQi;2017-09-14 21:49:59+00:00;12;45;@AlexanderWangNY;;
65;https://twitter.com/voguemagazine/status/908340414507356160;voguemagazine;.@AlexanderWangNY’s Fall 2017 campaign stars the Wang Gang on an array of party lifestyle objects. http://vogue.cm/vzsbpPv;2017-09-14 14:43:25+00:00;35;144;@AlexanderWangNY;;
66;https://twitter.com/voguemagazine/status/876816866441924610;voguemagazine;.@Chufy shares how she styles @DVF for her jet-set lifestyle: http://vogue.cm/FQv72b7. #sponsored;2017-06-19 15:00:06+00:00;11;46;@chufy @DVF;#sponsored;
67;https://twitter.com/voguemagazine/status/850680013762551808;voguemagazine;Meghan Markle has shut down her lifestyle website. Does this mean engagement news is on the way? ;2017-04-08 12:01:34+00:00;11;54;;;
68;https://twitter.com/voguemagazine/status/850532508634669056;voguemagazine;Meghan Markle has shut down her lifestyle website. Does this mean engagement news is on the way? http://vogue.cm/kLEIANO;2017-04-08 02:15:26+00:00;6;46;;;
69;https://twitter.com/voguemagazine/status/850420181507735552;voguemagazine;Meghan Markle has shut down her lifestyle website. Does this mean engagement news is on the way? http://vogue.cm/ICTFONF;2017-04-07 18:49:05+00:00;7;50;;;
70;https://twitter.com/voguemagazine/status/842166731548291073;voguemagazine;Kirk Miller and photographer Dewey Nicks celebrate a short film that showcases their idyllic left coast lifestyle. ;2017-03-16 00:12:50+00:00;3;19;;;
71;https://twitter.com/voguemagazine/status/798176540790026240;voguemagazine;"“This is not a business for me; it’s a lifestyle,” Khajak Keledjian says. ";2016-11-14 14:51:31+00:00;19;49;;;
72;https://twitter.com/voguemagazine/status/786538682111168512;voguemagazine;Your signature scent isn't just a fragrance, it's a lifestyle. ;2016-10-13 12:06:49+00:00;41;111;;;
73;https://twitter.com/voguemagazine/status/781339483765604352;voguemagazine;Your signature scent isn't just a fragrance, it's a lifestyle. http://vogue.cm/bcNIsf8;2016-09-29 03:47:04+00:00;30;94;;;
74;https://twitter.com/voguemagazine/status/645027390738067458;voguemagazine;Introducing @StephenAtHome’s new “lifestyle brand”: http://vogue.cm/1QN4jb9;2015-09-19 00:11:28+00:00;26;54;@StephenAtHome;;
